{"count":1,"self":1746.5389056,"total":5317.420612,"children":{"InitializeActuators":{"count":1,"self":0.0019119999999999999,"total":0.0019119999999999999,"children":null},"InitializeSensors":{"count":1,"self":0.006985,"total":0.006985,"children":null},"AgentSendState":{"count":502023,"self":2.311825,"total":12.619679,"children":{"UpdateModelSpacePoses":{"count":100526,"self":0.92568299999999992,"total":0.92568299999999992,"children":null},"UpdateLocalSpacePoses":{"count":100526,"self":0.92594499999999991,"total":0.92594499999999991,"children":null},"CollectObservations":{"count":100526,"self":1.041885,"total":1.041885,"children":null},"WriteActionMask":{"count":100526,"self":0.16408999999999999,"total":0.16408999999999999,"children":null},"RequestDecision":{"count":100526,"self":0.58743899999999993,"total":7.250251,"children":{"AgentInfo.ToProto":{"count":100526,"self":0.679719,"total":6.662812,"children":{"GenerateSensorData":{"count":100526,"self":5.9830928,"total":5.9830929999999993,"children":null}}}}}}},"DecideAction":{"count":502023,"self":3554.7578368,"total":3554.7578089999997,"children":null},"AgentAct":{"count":502023,"self":3.474736,"total":3.4791279999999998,"children":{"UpdateModelSpacePoses":{"count":57,"self":0.000544,"total":0.000544,"children":null},"UpdateLocalSpacePoses":{"count":57,"self":0.000542,"total":0.000542,"children":null},"AgentInfo.ToProto":{"count":57,"self":0.00040899999999999997,"total":0.003306,"children":{"GenerateSensorData":{"count":57,"self":0.002897,"total":0.002897,"children":null}}}}},"UpdateModelSpacePoses":{"count":174,"self":0.001745,"total":0.001745,"children":null},"UpdateLocalSpacePoses":{"count":174,"self":0.001593,"total":0.001593,"children":null},"AgentInfo.ToProto":{"count":174,"self":0.001145,"total":0.010464,"children":{"GenerateSensorData":{"count":174,"self":0.009319,"total":0.009319,"children":null}}}},"gauges":{"Crawler.CumulativeReward":{"count":231,"max":428.244751,"min":-1.52063191,"runningAverage":32.16512,"value":55.0495033,"weightedAverage":81.78085}},"metadata":{"timer_format_version":"0.1.0","start_time_seconds":"1624535400","unity_version":"2020.3.12f1","command_line_arguments":"\/home\/raphael\/Documents\/ml-agents-repo\/Project\/Builds\/Crawler_18_train_linux_low_5000\/BasicAgent1.x86_64 -nographics -batchmode --mlagents-port 5046","communication_protocol_version":"1.5.0","com.unity.ml-agents_version":"2.1.0-exp.1","scene_name":"Crawler","end_time_seconds":"1624540717"}}