{"count":1,"self":966.3501312,"total":5454.8181847999995,"children":{"InitializeActuators":{"count":1,"self":0.0030697,"total":0.0030697,"children":null},"InitializeSensors":{"count":1,"self":0.0079785,"total":0.0079785,"children":null},"AgentSendState":{"count":2499400,"self":29.345241599999998,"total":117.7188912,"children":{"UpdateModelSpacePoses":{"count":500508,"self":8.0439168,"total":8.0439168,"children":null},"UpdateLocalSpacePoses":{"count":500508,"self":7.6938575999999994,"total":7.6938575,"children":null},"CollectObservations":{"count":500508,"self":10.347284799999999,"total":10.347284799999999,"children":null},"WriteActionMask":{"count":500508,"self":2.0511002,"total":2.0511002,"children":null},"RequestDecision":{"count":500508,"self":7.9522471999999995,"total":60.237491399999996,"children":{"AgentInfo.ToProto":{"count":500508,"self":7.6512047999999995,"total":52.285244299999995,"children":{"GenerateSensorData":{"count":500508,"self":44.6340384,"total":44.6340398,"children":null}}}}}}},"DecideAction":{"count":2499400,"self":4336.0604159999993,"total":4336.0603679,"children":null},"AgentAct":{"count":2499400,"self":34.4849792,"total":34.5120381,"children":{"UpdateModelSpacePoses":{"count":203,"self":0.0017304,"total":0.0017304,"children":null},"UpdateLocalSpacePoses":{"count":203,"self":0.0037583,"total":0.0037583,"children":null},"AgentInfo.ToProto":{"count":203,"self":0.0038523999999999997,"total":0.0215688,"children":{"GenerateSensorData":{"count":203,"self":0.0177164,"total":0.0177164,"children":null}}}}},"UpdateModelSpacePoses":{"count":1180,"self":0.0188516,"total":0.0188516,"children":null},"UpdateLocalSpacePoses":{"count":1180,"self":0.0211982,"total":0.0211982,"children":null},"AgentInfo.ToProto":{"count":1180,"self":0.0208381,"total":0.12166529999999999,"children":{"GenerateSensorData":{"count":1180,"self":0.10082719999999999,"total":0.10082719999999999,"children":null}}}},"gauges":{"Crawler.CumulativeReward":{"count":1383,"max":312.754517,"min":-1.98748684,"runningAverage":17.4959278,"value":14.1409225,"weightedAverage":27.0662766}},"metadata":{"timer_format_version":"0.1.0","start_time_seconds":"1623742132","unity_version":"2020.3.3f1","command_line_arguments":"C:\\Users\\rapha\\Documents\\Stage_M2\\ml-agents\\.\/Project\/Builds\/Crawler_18_train\\UnityEnvironment.exe -nographics -batchmode --mlagents-port 5006","communication_protocol_version":"1.5.0","com.unity.ml-agents_version":"2.1.0-exp.1","scene_name":"Crawler","end_time_seconds":"1623747586"}}