{"count":1,"self":4288.8912896,"total":123412.252752,"children":{"InitializeActuators":{"count":1,"self":0.00316,"total":0.00316,"children":null},"InitializeSensors":{"count":1,"self":0.009318,"total":0.009318,"children":null},"AgentSendState":{"count":14163046,"self":74.511231999999993,"total":16307.305676999998,"children":{"UpdateModelSpacePoses":{"count":2834878,"self":26.3092288,"total":26.309229,"children":null},"UpdateLocalSpacePoses":{"count":2834878,"self":25.411064,"total":25.411064,"children":null},"CollectObservations":{"count":2834878,"self":16017.268736,"total":16017.268537999998,"children":null},"WriteActionMask":{"count":2834878,"self":5.0775967999999994,"total":5.077597,"children":null},"RequestDecision":{"count":2834878,"self":17.7996864,"total":158.728018,"children":{"AgentInfo.ToProto":{"count":2834878,"self":17.242761599999998,"total":140.92833199999998,"children":{"GenerateSensorData":{"count":2834878,"self":123.68556799999999,"total":123.68557,"children":null}}}}}}},"DecideAction":{"count":14163046,"self":102681.7261568,"total":102681.726985,"children":null},"AgentAct":{"count":14163046,"self":134.0721536,"total":134.237728,"children":{"UpdateModelSpacePoses":{"count":2347,"self":0.021870999999999998,"total":0.021870999999999998,"children":null},"UpdateLocalSpacePoses":{"count":2347,"self":0.021004,"total":0.021004,"children":null},"AgentInfo.ToProto":{"count":2347,"self":0.020419,"total":0.122695,"children":{"GenerateSensorData":{"count":2347,"self":0.10227599999999999,"total":0.10227599999999999,"children":null}}}}},"UpdateModelSpacePoses":{"count":1032,"self":0.011458,"total":0.011458,"children":null},"UpdateLocalSpacePoses":{"count":1032,"self":0.009581,"total":0.009581,"children":null},"AgentInfo.ToProto":{"count":1032,"self":0.0094209999999999988,"total":0.05594,"children":{"GenerateSensorData":{"count":1032,"self":0.046519,"total":0.046519,"children":null}}}},"gauges":{"Crawler.CumulativeReward":{"count":3379,"max":53.1505241,"min":-1.52029955,"runningAverage":8.366933,"value":1.82717681,"weightedAverage":6.164311}},"metadata":{"timer_format_version":"0.1.0","start_time_seconds":"1626817729","unity_version":"2020.3.3f1","command_line_arguments":"\/home\/raphael\/Documents\/outputs\/2021-07-20\/23-48-46\/..\/..\/..\/ml-agents-repo\/Project\/Builds\/Crawler_18_train_linux_5000_camera\/Crawler1Agent.x86_64 -nographics -batchmode --mlagents-port 5007","communication_protocol_version":"1.5.0","com.unity.ml-agents_version":"2.1.0-exp.1","scene_name":"Crawler","end_time_seconds":"1626941141"}}