{"count":1,"self":2726.0395519999997,"total":11259.881158,"children":{"InitializeActuators":{"count":1,"self":0.001656,"total":0.001656,"children":null},"InitializeSensors":{"count":1,"self":0.0018549999999999999,"total":0.0018549999999999999,"children":null},"AgentSendState":{"count":9925106,"self":24.879900799999998,"total":182.57319999999999,"children":{"CollectObservations":{"count":2019711,"self":113.25153279999999,"total":113.251533,"children":null},"WriteActionMask":{"count":2019711,"self":2.15144,"total":2.15144,"children":null},"RequestDecision":{"count":2019711,"self":4.8156808,"total":42.290327,"children":{"AgentInfo.ToProto":{"count":2019711,"self":6.3303568,"total":37.474646,"children":{"GenerateSensorData":{"count":2019711,"self":31.144288,"total":31.144288999999997,"children":null}}}}}}},"DecideAction":{"count":9925106,"self":8328.6024192,"total":8328.602656,"children":null},"AgentAct":{"count":9925106,"self":21.0828448,"total":21.133439,"children":{"AgentInfo.ToProto":{"count":3022,"self":0.008747,"total":0.050595,"children":{"GenerateSensorData":{"count":3022,"self":0.041847999999999996,"total":0.041847999999999996,"children":null}}}}},"AgentInfo.ToProto":{"count":77883,"self":0.309228,"total":1.5271059999999999,"children":{"GenerateSensorData":{"count":77883,"self":1.217878,"total":1.217878,"children":null}}}},"gauges":{"My Behavior.CumulativeReward":{"count":80905,"max":94.71432,"min":-100.099045,"runningAverage":85.05065,"value":94.05177,"weightedAverage":92.97116}},"metadata":{"timer_format_version":"0.1.0","start_time_seconds":"1634196855","unity_version":"2020.3.12f1","command_line_arguments":"\/home\/raphael\/Documents\/ml-agents-repo\/Project\/Builds\/Catch_v1_2_train_linux_disc_hide\/BasicAgent1.x86_64 -nographics -batchmode --mlagents-port 5044","communication_protocol_version":"1.5.0","com.unity.ml-agents_version":"2.1.0-exp.1","scene_name":"catchV1.2","end_time_seconds":"1634208115"}}