{"count":1,"self":7454.3112192,"total":52736.951537,"children":{"InitializeActuators":{"count":1,"self":0.001713,"total":0.001713,"children":null},"InitializeSensors":{"count":1,"self":0.0018839999999999998,"total":0.0018839999999999998,"children":null},"AgentSendState":{"count":39840052,"self":104.63044479999999,"total":830.088485,"children":{"CollectObservations":{"count":8049172,"self":519.3204224,"total":519.320436,"children":null},"WriteActionMask":{"count":8049172,"self":9.7336479999999987,"total":9.7336479999999987,"children":null},"RequestDecision":{"count":8049172,"self":21.2106112,"total":196.403958,"children":{"AgentInfo.ToProto":{"count":8049172,"self":28.299587199999998,"total":175.193346,"children":{"GenerateSensorData":{"count":8049172,"self":146.89376,"total":146.89376,"children":null}}}}}}},"DecideAction":{"count":39840052,"self":44357.8253312,"total":44357.825367,"children":null},"AgentAct":{"count":39840052,"self":90.5520128,"total":90.940885,"children":{"AgentInfo.ToProto":{"count":17995,"self":0.07178,"total":0.388872,"children":{"GenerateSensorData":{"count":17995,"self":0.317092,"total":0.317092,"children":null}}}}},"AgentInfo.ToProto":{"count":165189,"self":0.74025599999999991,"total":3.7807589999999998,"children":{"GenerateSensorData":{"count":165189,"self":3.0405029999999997,"total":3.0405029999999997,"children":null}}}},"gauges":{"My Behavior.CumulativeReward":{"count":183184,"max":94.69063,"min":-100.199043,"runningAverage":76.2474442,"value":92.7926941,"weightedAverage":61.6562233}},"metadata":{"timer_format_version":"0.1.0","start_time_seconds":"1632323760","unity_version":"2020.3.12f1","command_line_arguments":"\/home\/raphael\/Documents\/ml-agents-repo\/Project\/Builds\/Catch_v1_train_linux\/BasicAgent1.x86_64 -nographics -batchmode --mlagents-port 5009","communication_protocol_version":"1.5.0","com.unity.ml-agents_version":"2.1.0-exp.1","scene_name":"catchV1","end_time_seconds":"1632376497"}}