{"count":1,"self":1686.496256,"total":7194.6709969999993,"children":{"InitializeActuators":{"count":1,"self":0.0023599999999999997,"total":0.0023599999999999997,"children":null},"InitializeSensors":{"count":1,"self":0.007225,"total":0.007225,"children":null},"AgentSendState":{"count":5487140,"self":26.8751136,"total":141.41893,"children":{"UpdateModelSpacePoses":{"count":1098366,"self":12.070006399999999,"total":12.070006,"children":null},"UpdateLocalSpacePoses":{"count":1098366,"self":11.8251312,"total":11.825130999999999,"children":null},"CollectObservations":{"count":1098366,"self":16.2404784,"total":16.240479,"children":null},"WriteActionMask":{"count":1098366,"self":1.838576,"total":1.838576,"children":null},"RequestDecision":{"count":1098366,"self":7.0962223999999994,"total":72.56962399999999,"children":{"AgentInfo.ToProto":{"count":1098366,"self":8.27578,"total":65.473402,"children":{"GenerateSensorData":{"count":1098366,"self":57.1976192,"total":57.197621999999996,"children":null}}}}}}},"DecideAction":{"count":5487140,"self":5014.4034815999994,"total":5014.403674,"children":null},"AgentAct":{"count":5487140,"self":352.2302976,"total":352.306361,"children":{"UpdateModelSpacePoses":{"count":959,"self":0.010827,"total":0.010827,"children":null},"UpdateLocalSpacePoses":{"count":959,"self":0.010331,"total":0.010331,"children":null},"AgentInfo.ToProto":{"count":959,"self":0.007447,"total":0.054896,"children":{"GenerateSensorData":{"count":959,"self":0.047449,"total":0.047449,"children":null}}}}},"UpdateModelSpacePoses":{"count":438,"self":0.004932,"total":0.004932,"children":null},"UpdateLocalSpacePoses":{"count":438,"self":0.004445,"total":0.004445,"children":null},"AgentInfo.ToProto":{"count":438,"self":0.003574,"total":0.024803,"children":{"GenerateSensorData":{"count":438,"self":0.021228999999999998,"total":0.021228999999999998,"children":null}}}},"gauges":{"Crawler.CumulativeReward":{"count":1397,"max":53.959938,"min":-1.57646513,"runningAverage":11.6938639,"value":21.697506,"weightedAverage":13.3834915}},"metadata":{"timer_format_version":"0.1.0","start_time_seconds":"1625944590","unity_version":"2020.3.3f1","command_line_arguments":"\/home\/raphael\/Documents\/outputs\/2021-07-10\/21-16-28\/..\/..\/..\/ml-agents-repo\/Project\/Builds\/Crawler_18_train_linux_5000_speed_15\/Crawler1Agent.x86_64 -nographics -batchmode --mlagents-port 5014","communication_protocol_version":"1.5.0","com.unity.ml-agents_version":"2.1.0-exp.1","scene_name":"Crawler","end_time_seconds":"1625951785"}}