{"count":1,"self":539.2524288,"total":2940.792164,"children":{"InitializeActuators":{"count":1,"self":0.001442,"total":0.001442,"children":null},"InitializeSensors":{"count":1,"self":0.001753,"total":0.001753,"children":null},"AgentSendState":{"count":1771942,"self":4.1784191999999996,"total":13.865718,"children":{"CollectObservations":{"count":359954,"self":0.70990999999999993,"total":0.70990999999999993,"children":null},"WriteActionMask":{"count":359954,"self":0.35961299999999996,"total":0.35961299999999996,"children":null},"RequestDecision":{"count":359954,"self":0.863883,"total":8.617776,"children":{"AgentInfo.ToProto":{"count":359954,"self":1.490067,"total":7.753893,"children":{"GenerateSensorData":{"count":359954,"self":6.263826,"total":6.263826,"children":null}}}}}}},"DecideAction":{"count":1771942,"self":2383.3411584,"total":2383.341075,"children":null},"AgentAct":{"count":1771942,"self":4.013678,"total":4.0269449999999996,"children":{"AgentInfo.ToProto":{"count":778,"self":0.002897,"total":0.013267,"children":{"GenerateSensorData":{"count":778,"self":0.010369999999999999,"total":0.010369999999999999,"children":null}}}}},"AgentInfo.ToProto":{"count":12131,"self":0.062456,"total":0.301116,"children":{"GenerateSensorData":{"count":12131,"self":0.23865999999999998,"total":0.23865999999999998,"children":null}}}},"gauges":{"My Behavior.CumulativeReward":{"count":12909,"max":194.642,"min":-100.099045,"runningAverage":174.8927,"value":192.036972,"weightedAverage":192.9394}},"metadata":{"timer_format_version":"0.1.0","start_time_seconds":"1631782253","unity_version":"2020.3.12f1","command_line_arguments":"\/home\/raphael\/Documents\/ml-agents-repo\/Project\/Builds\/Catch_v0_train_linux\/BasicAgent1.x86_64 -nographics -batchmode --mlagents-port 5010","communication_protocol_version":"1.5.0","com.unity.ml-agents_version":"2.1.0-exp.1","scene_name":"catch","end_time_seconds":"1631785194"}}