{"count":1,"self":1993.1488256,"total":22220.599721,"children":{"InitializeActuators":{"count":1,"self":0.001589,"total":0.001589,"children":null},"InitializeSensors":{"count":1,"self":0.001947,"total":0.001947,"children":null},"AgentSendState":{"count":9911009,"self":26.546152,"total":202.033691,"children":{"CollectObservations":{"count":2047544,"self":124.49638399999999,"total":124.49638999999999,"children":null},"WriteActionMask":{"count":2047544,"self":2.3206819999999997,"total":2.3206819999999997,"children":null},"RequestDecision":{"count":2047544,"self":5.3014432,"total":48.670466999999995,"children":{"AgentInfo.ToProto":{"count":2047544,"self":6.8051264,"total":43.369023999999996,"children":{"GenerateSensorData":{"count":2047544,"self":36.5638976,"total":36.563898,"children":null}}}}}}},"DecideAction":{"count":9911009,"self":20000.091340799998,"total":20000.091128,"children":null},"AgentAct":{"count":9911009,"self":22.1236288,"total":22.137234,"children":{"AgentInfo.ToProto":{"count":615,"self":0.002296,"total":0.013606,"children":{"GenerateSensorData":{"count":615,"self":0.011309999999999999,"total":0.011309999999999999,"children":null}}}}},"AgentInfo.ToProto":{"count":142627,"self":0.593382,"total":3.183729,"children":{"GenerateSensorData":{"count":142627,"self":2.590347,"total":2.590347,"children":null}}}},"gauges":{"My Behavior.CumulativeReward":{"count":143242,"max":994.6398,"min":-100.199043,"runningAverage":989.686462,"value":994.036255,"weightedAverage":994.154663}},"metadata":{"timer_format_version":"0.1.0","start_time_seconds":"1633532847","unity_version":"2020.3.12f1","command_line_arguments":"\/home\/raphael\/Documents\/ml-agents-repo\/Project\/Builds\/Catch_v1_1_train_linux_disc_hide_1000\/BasicAgent1.x86_64 -nographics -batchmode --mlagents-port 5025","communication_protocol_version":"1.5.0","com.unity.ml-agents_version":"2.1.0-exp.1","scene_name":"catchV1.1","end_time_seconds":"1633555068"}}