{"count":1,"self":30577.442816,"total":158684.522544,"children":{"InitializeActuators":{"count":1,"self":0.002016,"total":0.002016,"children":null},"InitializeSensors":{"count":1,"self":0.007528,"total":0.007528,"children":null},"AgentSendState":{"count":100016933,"self":452.30796799999996,"total":2169.57497,"children":{"UpdateModelSpacePoses":{"count":20019490,"self":187.1546368,"total":187.15463699999998,"children":null},"UpdateLocalSpacePoses":{"count":20019490,"self":187.4009472,"total":187.400952,"children":null},"CollectObservations":{"count":20019490,"self":240.9034496,"total":240.903449,"children":null},"WriteActionMask":{"count":20019490,"self":28.614224,"total":28.614224999999998,"children":null},"RequestDecision":{"count":20019490,"self":105.6482496,"total":1073.193738,"children":{"AgentInfo.ToProto":{"count":20019490,"self":121.699328,"total":967.54549,"children":{"GenerateSensorData":{"count":20019490,"self":845.84616959999994,"total":845.846156,"children":null}}}}}}},"DecideAction":{"count":100016933,"self":125238.8634624,"total":125238.85764599999,"children":null},"AgentAct":{"count":100016933,"self":697.0532352,"total":698.37579599999992,"children":{"UpdateModelSpacePoses":{"count":18454,"self":0.17668899999999998,"total":0.17668899999999998,"children":null},"UpdateLocalSpacePoses":{"count":18454,"self":0.179716,"total":0.179716,"children":null},"AgentInfo.ToProto":{"count":18454,"self":0.12872999999999998,"total":0.96617599999999992,"children":{"GenerateSensorData":{"count":18454,"self":0.83744599999999991,"total":0.83744599999999991,"children":null}}}}},"UpdateModelSpacePoses":{"count":3496,"self":0.038679,"total":0.038679,"children":null},"UpdateLocalSpacePoses":{"count":3496,"self":0.035022,"total":0.035022,"children":null},"AgentInfo.ToProto":{"count":3496,"self":0.026477,"total":0.18683,"children":{"GenerateSensorData":{"count":3496,"self":0.160353,"total":0.160353,"children":null}}}},"gauges":{"Crawler.CumulativeReward":{"count":21950,"max":4028.68262,"min":-2,"runningAverage":2066.42041,"value":3610.57617,"weightedAverage":2706.004}},"metadata":{"timer_format_version":"0.1.0","start_time_seconds":"1630529111","unity_version":"2020.3.3f1","command_line_arguments":"\/home\/raphael\/Documents\/outputs\/2021-09-01\/22-45-09\/..\/..\/..\/ml-agents-repo\/Project\/Builds\/Crawler_18_train_linux_5000\/Crawler1Agent.x86_64 -nographics -batchmode --mlagents-port 5007","communication_protocol_version":"1.5.0","com.unity.ml-agents_version":"2.1.0-exp.1","scene_name":"Crawler","end_time_seconds":"1630687796"}}