{"count":1,"self":5448.6839296,"total":45649.8517,"children":{"InitializeActuators":{"count":1,"self":0.0016129999999999999,"total":0.0016129999999999999,"children":null},"InitializeSensors":{"count":1,"self":0.001818,"total":0.001818,"children":null},"AgentSendState":{"count":24750364,"self":66.1532352,"total":623.08513099999993,"children":{"CollectObservations":{"count":5059060,"self":399.9092224,"total":399.90923,"children":null},"WriteActionMask":{"count":5059060,"self":5.5940312,"total":5.5940309999999993,"children":null},"RequestDecision":{"count":5059060,"self":13.3776864,"total":151.42863599999998,"children":{"AgentInfo.ToProto":{"count":5059060,"self":21.084259199999998,"total":138.05095,"children":{"GenerateSensorData":{"count":5059060,"self":116.9666944,"total":116.96669,"children":null}}}}}}},"DecideAction":{"count":24750364,"self":39504.4847616,"total":39504.483928,"children":null},"AgentAct":{"count":24750364,"self":65.1710528,"total":65.18607,"children":{"AgentInfo.ToProto":{"count":688,"self":0.0023829999999999997,"total":0.015016,"children":{"GenerateSensorData":{"count":688,"self":0.012633,"total":0.012633,"children":null}}}}},"AgentInfo.ToProto":{"count":299861,"self":1.521301,"total":8.407134,"children":{"GenerateSensorData":{"count":299861,"self":6.8858327999999993,"total":6.885833,"children":null}}}},"gauges":{"My Behavior.CumulativeReward":{"count":300549,"max":94.3,"min":-100.199043,"runningAverage":91.7739944,"value":92.3,"weightedAverage":92.16127}},"metadata":{"timer_format_version":"0.1.0","start_time_seconds":"1634634284","unity_version":"2020.3.12f1","command_line_arguments":"\/home\/raphael\/Documents\/ml-agents-repo\/Project\/Builds\/Catch_v1_4_train_linux_disc_hide_new_reward\/BasicAgent1.x86_64 -nographics -batchmode --mlagents-port 5028","communication_protocol_version":"1.5.0","com.unity.ml-agents_version":"2.1.0-exp.1","scene_name":"catchV1.4","end_time_seconds":"1634679934"}}