{"count":1,"self":2519.3611264,"total":26026.668333999998,"children":{"InitializeActuators":{"count":1,"self":0.0019069999999999998,"total":0.0019069999999999998,"children":null},"InitializeSensors":{"count":1,"self":0.002275,"total":0.002275,"children":null},"AgentSendState":{"count":9972282,"self":28.8024384,"total":256.790395,"children":{"CollectObservations":{"count":2061093,"self":149.3619584,"total":149.361962,"children":null},"WriteActionMask":{"count":2061093,"self":2.377628,"total":2.377628,"children":null},"RequestDecision":{"count":2061093,"self":6.0392047999999994,"total":76.248364999999993,"children":{"AgentInfo.ToProto":{"count":2061093,"self":10.6461312,"total":70.20916,"children":{"GenerateSensorData":{"count":2061093,"self":59.5630272,"total":59.563029,"children":null}}}}}}},"DecideAction":{"count":9972282,"self":23209.947955199998,"total":23209.947263,"children":null},"AgentAct":{"count":9972282,"self":35.219555199999995,"total":35.246269,"children":{"AgentInfo.ToProto":{"count":752,"self":0.005052,"total":0.026712999999999997,"children":{"GenerateSensorData":{"count":752,"self":0.021661,"total":0.021661,"children":null}}}}},"AgentInfo.ToProto":{"count":142405,"self":0.88564899999999991,"total":5.3171089999999994,"children":{"GenerateSensorData":{"count":142405,"self":4.4314599999999995,"total":4.4314599999999995,"children":null}}}},"gauges":{"My Behavior.CumulativeReward":{"count":143157,"max":94.6705551,"min":-100.199043,"runningAverage":93.08054,"value":94.01397,"weightedAverage":94.063324}},"metadata":{"timer_format_version":"0.1.0","start_time_seconds":"1634302857","unity_version":"2020.3.12f1","command_line_arguments":"\/home\/raphael\/Documents\/ml-agents-repo\/Project\/Builds\/Catch_v1_1_train_linux_disc_hide\/BasicAgent1.x86_64 -nographics -batchmode --mlagents-port 5021","communication_protocol_version":"1.5.0","com.unity.ml-agents_version":"2.1.0-exp.1","scene_name":"catchV1.1","end_time_seconds":"1634328884"}}