{"count":1,"self":520.7192064,"total":13014.717870999999,"children":{"InitializeActuators":{"count":1,"self":0.0014839999999999999,"total":0.0014839999999999999,"children":null},"InitializeSensors":{"count":1,"self":0.001966,"total":0.001966,"children":null},"AgentSendState":{"count":2673776,"self":7.6217744,"total":56.432522999999996,"children":{"CollectObservations":{"count":546906,"self":32.948307199999995,"total":32.948308,"children":null},"WriteActionMask":{"count":546906,"self":0.683407,"total":0.683407,"children":null},"RequestDecision":{"count":546906,"self":1.5714009999999998,"total":15.179034,"children":{"AgentInfo.ToProto":{"count":546906,"self":2.136304,"total":13.607633,"children":{"GenerateSensorData":{"count":546906,"self":11.4713288,"total":11.471328999999999,"children":null}}}}}}},"DecideAction":{"count":2673776,"self":12429.502873599999,"total":12429.50269,"children":null},"AgentAct":{"count":2673776,"self":7.258324,"total":7.2736969999999994,"children":{"AgentInfo.ToProto":{"count":605,"self":0.002463,"total":0.015373,"children":{"GenerateSensorData":{"count":605,"self":0.01291,"total":0.01291,"children":null}}}}},"AgentInfo.ToProto":{"count":29577,"self":0.15121099999999998,"total":0.784727,"children":{"GenerateSensorData":{"count":29577,"self":0.633516,"total":0.633516,"children":null}}}},"gauges":{"My Behavior.CumulativeReward":{"count":30182,"max":94.6767349,"min":-100.199043,"runningAverage":89.73663,"value":94.0349045,"weightedAverage":94.05646}},"metadata":{"timer_format_version":"0.1.0","start_time_seconds":"1633337083","unity_version":"2020.3.12f1","command_line_arguments":"\/home\/raphael\/Documents\/ml-agents-repo\/Project\/Builds\/Catch_v1_train_linux_disc_hide\/BasicAgent1.x86_64 -nographics -batchmode --mlagents-port 5006","communication_protocol_version":"1.5.0","com.unity.ml-agents_version":"2.1.0-exp.1","scene_name":"catchV1","end_time_seconds":"1633350097"}}