{"count":1,"self":1040.2280448,"total":8145.14244,"children":{"InitializeActuators":{"count":1,"self":0.001581,"total":0.001581,"children":null},"InitializeSensors":{"count":1,"self":0.0018449999999999999,"total":0.0018449999999999999,"children":null},"AgentSendState":{"count":4952312,"self":13.067420799999999,"total":113.291012,"children":{"CollectObservations":{"count":1015048,"self":71.4224832,"total":71.422484,"children":null},"WriteActionMask":{"count":1015048,"self":1.140221,"total":1.140221,"children":null},"RequestDecision":{"count":1015048,"self":2.605492,"total":27.660885999999998,"children":{"AgentInfo.ToProto":{"count":1015048,"self":4.3692351999999994,"total":25.055394,"children":{"GenerateSensorData":{"count":1015048,"self":20.6861584,"total":20.686159,"children":null}}}}}}},"DecideAction":{"count":4952312,"self":6976.9404416,"total":6976.940806,"children":null},"AgentAct":{"count":4952312,"self":13.0658152,"total":13.066374,"children":{"AgentInfo.ToProto":{"count":26,"self":9.9E-05,"total":0.00055899999999999993,"children":{"GenerateSensorData":{"count":26,"self":0.00045999999999999996,"total":0.00045999999999999996,"children":null}}}}},"AgentInfo.ToProto":{"count":63620,"self":0.329354,"total":1.611006,"children":{"GenerateSensorData":{"count":63620,"self":1.281652,"total":1.281652,"children":null}}}},"gauges":{"My Behavior.CumulativeReward":{"count":63646,"max":94.3,"min":-100.099045,"runningAverage":92.39623,"value":92.8,"weightedAverage":92.6189}},"metadata":{"timer_format_version":"0.1.0","start_time_seconds":"1634720677","unity_version":"2020.3.12f1","command_line_arguments":"\/home\/raphael\/Documents\/ml-agents-repo\/Project\/Builds\/Catch_v1_3_train_linux_disc_hide_new_reward\/BasicAgent1.x86_64 -nographics -batchmode --mlagents-port 5021","communication_protocol_version":"1.5.0","com.unity.ml-agents_version":"2.1.0-exp.1","scene_name":"catchV1.3","end_time_seconds":"1634728821"}}