{"count":1,"self":10111.954944,"total":102458.302683,"children":{"InitializeActuators":{"count":1,"self":0.001534,"total":0.001534,"children":null},"InitializeSensors":{"count":1,"self":0.001825,"total":0.001825,"children":null},"AgentSendState":{"count":49514930,"self":126.0285696,"total":1045.634492,"children":{"CollectObservations":{"count":10133507,"self":639.64666879999993,"total":639.64668299999994,"children":null},"WriteActionMask":{"count":10133507,"self":11.079328,"total":11.079328,"children":null},"RequestDecision":{"count":10133507,"self":25.8551856,"total":268.879907,"children":{"AgentInfo.ToProto":{"count":10133507,"self":37.141305599999995,"total":243.024721,"children":{"GenerateSensorData":{"count":10133507,"self":205.8834176,"total":205.88341699999998,"children":null}}}}}}},"DecideAction":{"count":49514930,"self":91160.0910336,"total":91160.093717,"children":null},"AgentAct":{"count":49514930,"self":125.78956799999999,"total":125.883507,"children":{"AgentInfo.ToProto":{"count":3939,"self":0.017752,"total":0.093939,"children":{"GenerateSensorData":{"count":3939,"self":0.076186999999999991,"total":0.076186999999999991,"children":null}}}}},"AgentInfo.ToProto":{"count":595778,"self":2.700752,"total":14.731205999999998,"children":{"GenerateSensorData":{"count":595778,"self":12.0304544,"total":12.030453999999999,"children":null}}}},"gauges":{"My Behavior.CumulativeReward":{"count":599717,"max":94.3,"min":-100.199043,"runningAverage":91.1868744,"value":92.8,"weightedAverage":92.4003}},"metadata":{"timer_format_version":"0.1.0","start_time_seconds":"1634490805","unity_version":"2020.3.12f1","command_line_arguments":"\/home\/raphael\/Documents\/ml-agents-repo\/Project\/Builds\/Catch_v1_2_train_linux_disc_hide_new_reward\/BasicAgent1.x86_64 -nographics -batchmode --mlagents-port 5067","communication_protocol_version":"1.5.0","com.unity.ml-agents_version":"2.1.0-exp.1","scene_name":"catchV1.2","end_time_seconds":"1634593263"}}