{
    "name": "root",
    "gauges": {
        "Crawler.Policy.Entropy.mean": {
            "value": 0.9367873668670654,
            "min": 0.9367873668670654,
            "max": 1.1059213876724243,
            "count": 2
        },
        "Crawler.Policy.Entropy.sum": {
            "value": 27888.16015625,
            "min": 27888.16015625,
            "max": 33575.7734375,
            "count": 2
        },
        "Crawler.Environment.EpisodeLength.mean": {
            "value": 7.342370039128005,
            "min": 7.342370039128005,
            "max": 39.224734042553195,
            "count": 2
        },
        "Crawler.Environment.EpisodeLength.sum": {
            "value": 26271.0,
            "min": 26271.0,
            "max": 29497.0,
            "count": 2
        },
        "Crawler.Policy.ExtrinsicValue.mean": {
            "value": -14.712048530578613,
            "min": -14.712048530578613,
            "max": 7.544738292694092,
            "count": 2
        },
        "Crawler.Policy.ExtrinsicValue.sum": {
            "value": -52551.4375,
            "min": -52551.4375,
            "max": 5605.74072265625,
            "count": 2
        },
        "Crawler.Environment.CumulativeReward.mean": {
            "value": -0.8920666987841901,
            "min": -0.8920666987841901,
            "max": 1.4909227785640577,
            "count": 2
        },
        "Crawler.Environment.CumulativeReward.sum": {
            "value": -3186.462248057127,
            "min": -3186.462248057127,
            "max": 1107.755624473095,
            "count": 2
        },
        "Crawler.Policy.ExtrinsicReward.mean": {
            "value": -0.8920666987841901,
            "min": -0.8920666987841901,
            "max": 1.4909227785640577,
            "count": 2
        },
        "Crawler.Policy.ExtrinsicReward.sum": {
            "value": -3186.462248057127,
            "min": -3186.462248057127,
            "max": 1107.755624473095,
            "count": 2
        },
        "Crawler.Losses.PolicyLoss.mean": {
            "value": 13.55869245647376,
            "min": -7.9304981151861575,
            "max": 13.55869245647376,
            "count": 2
        },
        "Crawler.Losses.PolicyLoss.sum": {
            "value": 20582.09514892717,
            "min": -11729.206712360326,
            "max": 20582.09514892717,
            "count": 2
        },
        "Crawler.Losses.ValueLoss.mean": {
            "value": 6.933560582768675,
            "min": 6.933560582768675,
            "max": 7.426838229056559,
            "count": 2
        },
        "Crawler.Losses.ValueLoss.sum": {
            "value": 10525.144964642848,
            "min": 10525.144964642848,
            "max": 10984.29374077465,
            "count": 2
        },
        "Crawler.Losses.Q1Loss.mean": {
            "value": 2.30277782027553,
            "min": 0.8913287518573372,
            "max": 2.30277782027553,
            "count": 2
        },
        "Crawler.Losses.Q1Loss.sum": {
            "value": 3495.6167311782547,
            "min": 1318.2752239970016,
            "max": 3495.6167311782547,
            "count": 2
        },
        "Crawler.Losses.Q2Loss.mean": {
            "value": 2.2622769248783574,
            "min": 0.8782864881490632,
            "max": 2.2622769248783574,
            "count": 2
        },
        "Crawler.Losses.Q2Loss.sum": {
            "value": 3434.1363719653464,
            "min": 1298.9857159724645,
            "max": 3434.1363719653464,
            "count": 2
        },
        "Crawler.Policy.ContinuousEntropyCoeff.mean": {
            "value": 0.5208155076122405,
            "min": 0.5208155076122405,
            "max": 0.8119465766412836,
            "count": 2
        },
        "Crawler.Policy.ContinuousEntropyCoeff.sum": {
            "value": 790.597940555381,
            "min": 790.597940555381,
            "max": 1200.8689868524584,
            "count": 2
        },
        "Crawler.Policy.LearningRate.mean": {
            "value": 0.0002999999999999999,
            "min": 0.0002999999999999999,
            "max": 0.0003,
            "count": 2
        },
        "Crawler.Policy.LearningRate.sum": {
            "value": 0.4553999999999999,
            "min": 0.4437,
            "max": 0.4553999999999999,
            "count": 2
        },
        "Crawler.IsTraining.mean": {
            "value": 1.0,
            "min": 1.0,
            "max": 1.0,
            "count": 2
        },
        "Crawler.IsTraining.sum": {
            "value": 1.0,
            "min": 1.0,
            "max": 1.0,
            "count": 2
        }
    },
    "metadata": {
        "timer_format_version": "0.1.0",
        "start_time_seconds": "1618577076",
        "python_version": "3.8.5 (default, Sep  3 2020, 21:29:08) [MSC v.1916 64 bit (AMD64)]",
        "command_line_arguments": "C:\\Users\\rapha\\anaconda3\\Scripts\\mlagents-learn ..\\config\\sac\\Crawler.yaml --env=C:\\Users\\rapha\\Documents\\Stage M2\\ml-agents\\Project\\ReverseCrawler1 --run-id=ReverseCrawler1",
        "mlagents_version": "0.25.0",
        "mlagents_envs_version": "0.25.0",
        "communication_protocol_version": "1.5.0",
        "pytorch_version": "1.8.1",
        "numpy_version": "1.19.2",
        "end_time_seconds": "1618577802"
    },
    "total": 725.8963656999999,
    "count": 1,
    "self": 1.118730899999946,
    "children": {
        "run_training.setup": {
            "total": 0.19442100000000018,
            "count": 1,
            "self": 0.19442100000000018
        },
        "TrainerController.start_learning": {
            "total": 724.5832138,
            "count": 1,
            "self": 1.490244600008623,
            "children": {
                "TrainerController._reset_env": {
                    "total": 6.0251124,
                    "count": 1,
                    "self": 6.0251124
                },
                "TrainerController.advance": {
                    "total": 716.7426690999914,
                    "count": 12840,
                    "self": 0.28999809999106674,
                    "children": {
                        "env_step": {
                            "total": 716.4526710000004,
                            "count": 12840,
                            "self": 681.8018059999927,
                            "children": {
                                "SubprocessEnvManager._take_step": {
                                    "total": 34.30994980000461,
                                    "count": 12840,
                                    "self": 1.0137053000041405,
                                    "children": {
                                        "TorchPolicy.evaluate": {
                                            "total": 33.29624450000047,
                                            "count": 7793,
                                            "self": 2.9647252999961466,
                                            "children": {
                                                "TorchPolicy.sample_actions": {
                                                    "total": 30.331519200004323,
                                                    "count": 7793,
                                                    "self": 30.331519200004323
                                                }
                                            }
                                        }
                                    }
                                },
                                "workers": {
                                    "total": 0.3409152000031108,
                                    "count": 12840,
                                    "self": 0.0,
                                    "children": {
                                        "worker_root": {
                                            "total": 716.385364299995,
                                            "count": 12840,
                                            "is_parallel": true,